simple_surname,full_name
"Abaco", "Abaco, Evaristo Felice dall'"
"aBeckett", "à Beckett, Mary Anne"
"Abel", "Abel, Carl Friedrich"
"Aguado","Aguado, Dionisio"
"Aguilera", "Aguilera de Heredia, Sebastian"
"AguileraDeHeredia", "Aguilera de Heredia, Sebastian"
"Albeniz", "Albéniz, Isaac"
"Albinoni", "Albinoni, Tomaso"
"Alexander", "Alexander, Cecil Frances"
"Alfven", "Alfvén, Hugo"
"Alkan", "Alkan, Charles-Valentin"
"Allegri", "Allegri, Gregorio"
"AllSonsAndDaughters", "All Sons & Daughters"
"Andersen","Andersen, Joachim"
"Antheil", "Antheil, George"
"Arban","Arban, Jean-Baptiste"
"Arensky", "Arensky, Anton"
"Arne", "Arne, Thomas"
"Arnold", "Arnold, Malcolm"
"Asbury", "Asbury, Cory"
"Auber", "Auber, Daniel"
"Aulin", "Aulin, Tor"
"Auric", "Auric, Georges"
"Babbitt", "Babbitt, Milton"
"Bach", "Bach, Johann Sebastian"
"BachCPE", "Bach, Carl Philipp Emanuel"
"BachJC", "Bach, Johann Christian"
"BachJCF", "Bach, Johann Christoph Friedrich"
"BachJS", "Bach, Johann Sebastian"
"BachWF", "Bach, Wilhelm Friedemann"
"BaermannC","Baermann, Carl"
"Baker", "Baker, Henry W."
"Balakirev", "Balakirev, Mily"
"Baldwin", "Baldwin, Jonathan"
"Banchieri", "Banchieri, Adriano"
"Bantock", "Bantock, Granville"
"Barber", "Barber, Samuel"
"BaringGould", "Baring-Gould, Sabine"
"Barret","Barret, Apollon Marie-Rose"
"Barrios", "Barrios Mangoré, Agustín"
"Bartok", "Bartók, Béla"
"Bax", "Bax, Arnold"
"Beach", "Beach, Amy"
"Beethoven", "Beethoven, Ludwig van"
"Bellini", "Bellini, Vincenzo"
"Berio", "Berio, Luciano"
"Berlioz", "Berlioz, Hector"
"Bernstein", "Bernstein, Leonard"
"Berwald", "Berwald, Franz"
"Bethel", "Bethel Music"
"Biber", "Biber, Heinrich Ignaz Franz"
"Billings", "Billings, William"
"Bizet", "Bizet, Georges"
"Blazhevich","Blazhevich, Vladislav"
"Bliss", "Bliss, Arthur"
"Bliss", "Bliss, Philip"
"Bloch", "Bloch, Ernest"
"Blow", "Blow, John"
"Boccherini", "Boccherini, Luigi"
"Boehm","Boehm, Theobald"
"Boellmann", "Boëllmann, Léon"
"Boismortier", "Boismortier, Joseph Bodin de"
"Boito", "Boito, Arrigo"
"Bonar", "Bonar, Horatius"
"Bononcini", "Bononcini, Giovanni"
"Boonzaaier", "Boonzaaier, Kristi"
"Bordogni","Bordogni, Marco"
"Borodin", "Borodin, Alexander"
"Bottesini", "Bottesini, Giovanni"
"Boulanger", "Boulanger, Lili"
"Boulez", "Boulez, Pierre"
"Boyce", "Boyce, William"
"Bradbury", "Bradbury, William B."
"Brahms", "Brahms, Johannes"
"Brian", "Brian, Havergal"
"Bridge", "Bridge, Frank"
"Britten", "Britten, Benjamin"
"Brouwer","Brouwer, Leo"
"Brown", "Brown, Scott"
"Bruch", "Bruch, Max"
"Bruckner", "Bruckner, Anton"
"Bruni","Bruni, Antonio Bartolomeo"
"BullJ", "Bull, John"
"BullO", "Bull, Ole"
"Burgmuller","Burgmüller, Johann Friedrich Franz"
"Busnois", "Busnois, Antoine"
"Busoni", "Busoni, Ferruccio"
"Buxtehude", "Buxtehude, Dietrich"
"Byrd", "Byrd, William"
"Caccini", "Caccini, Giulio"
"Cage", "Cage, John"
"Caldara", "Caldara, Antonio"
"Campagnoli","Campagnoli, Bartolomeo"
"Campion", "Campion, Thomas"
"Campra", "Campra, André"
"Cannabich", "Cannabich, Christian"
"Caplet", "Caplet, André"
"Carcassi","Carcassi, Matteo"
"Carissimi", "Carissimi, Giacomo"
"Carter", "Carter, Elliott"
"Casella", "Casella, Alfredo"
"CastelnuovoTedesco", "Castelnuovo-Tedesco, Mario"
"Caswall", "Caswall, Edward"
"Catalani", "Catalani, Alfredo"
"Cavalieri", "Cavalieri, Emilio de'"
"Cavalli", "Cavalli, Francesco"
"Cennick", "Cennick, John"
"Cesti", "Cesti, Antonio"
"Chabrier", "Chabrier, Emmanuel"
"Chadwick", "Chadwick, George Whitefield"
"Chaminade", "Chaminade, Cécile"
"Charlier","Charlier, Théo"
"Charpentier", "Charpentier, Marc-Antoine"
"Chausson", "Chausson, Ernest"
"Cherubini", "Cherubini, Luigi"
"Chopin", "Chopin, Frédéric"
"Cilea", "Cilea, Francesco"
"Cimarosa", "Cimarosa, Domenico"
"Citizens", "Citizens & Saints"
"Clarke", "Clarke, Jeremiah"
"Clarke", "Clarke, Rebecca"
"ClarkeHL","Clarke, Herbert L."
"Clementi", "Clementi, Muzio"
"ColeridgeTaylor", "Coleridge-Taylor, Samuel"
"Conti", "Conti, Francesco Bartolomeo"
"Cook", "Cook, Steffany"
"Copland", "Copland, Aaron"
"Coprario", "Coprario, John"
"Corelli", "Corelli, Arcangelo"
"Corigliano", "Corigliano, John"
"Cornelius", "Cornelius, Peter"
"Corrette", "Corrette, Michel"
"Couperin", "Couperin, François"
"Cowper", "Cowper, William"
"Cramer", "Cramer, Johann Baptist"
"Cramer","Cramer, Johann Baptist"
"Crosby", "Crosby, Fanny"
"Crouch", "Crouch, Andraé"
"Crowder", "Crowder, David"
"Crumb", "Crumb, George"
"Crusell", "Crusell, Bernhard Henrik"
"Cui", "Cui, César"
"Czerny", "Czerny, Carl"
"Czerny","Czerny, Carl"
"Czibulka", "Czibulka, Alphons"
"dAbaco", "d'Abaco, Joseph"
"dAlbert", "d'Albert, Eugen"
"Dallapiccola", "Dallapiccola, Luigi"
"Dalton", "Dalton, Owen"
"Dancla","Dancla, Charles"
"dAnglebert", "d'Anglebert, Jean-Henri"
"Danzi", "Danzi, Franz"
"Daquin", "Daquin, Louis-Claude"
"David", "David, Félicien"
"Davies", "Davies, Peter Maxwell"
"Debussy", "Debussy, Claude"
"Decruck", "Decruck, Fernande"
"Delalande", "Delalande, Michel-Richard"
"DeLalande", "Delalande, Michel-Richard"
"Delibes", "Delibes, Léo"
"Delius", "Delius, Frederick"
"Delius", "Delius, Frederick"
"Desprez", "Desprez, Josquin"
"Destouches", "Destouches, André Cardinal"
"Diamond", "Diamond, David"
"Dittersdorf", "Dittersdorf, Carl Ditters von"
"Dix", "Dix, William Chatterton"
"Doane", "Doane, William H."
"Doddridge", "Doddridge, Philip"
"Dohnanyi", "Dohnányi, Ernő"
"Donizetti", "Donizetti, Gaetano"
"Dont","Dont, Jakob"
"Dotzauer","Dotzauer, Justus Johann Friedrich"
"Dowland", "Dowland, John"
"Draghi", "Draghi, Antonio"
"Dragonetti","Dragonetti, Domenico"
"Dufay", "Dufay, Guillaume"
"Dukas", "Dukas, Paul"
"Duparc", "Duparc, Henri"
"Duphly", "Duphly, Jacques"
"Duport","Duport, Jean-Louis"
"Dupre", "Dupré, Marcel"
"Durante", "Durante, Francesco"
"Durey", "Durey, Louis"
"Dutilleux", "Dutilleux, Henri"
"Dvorak", "Dvořák, Antonín"
"Dvorak", "Dvořák, Antonín"
"Eccles", "Eccles, Henry"
"ElevationWorship", "Elevation Worship"
"Elgar", "Elgar, Edward"
"Eller", "Eller, Heino"
"Ellerton", "Ellerton, John"
"Elliott", "Elliott, Charlotte"
"Enescu", "Enescu, George"
"Ewald", "Ewald, Victor"
"Faber", "Faber, Frederick William"
"Falla", "Falla, Manuel de"
"Farnaby", "Farnaby, Giles"
"Fasch", "Fasch, Johann Friedrich"
"Faure", "Fauré, Gabriel"
"Fawcett", "Fawcett, John"
"Fayrfax", "Fayrfax, Robert"
"Feldman", "Feldman, Morton"
"Ferling","Ferling, Franz Wilhelm"
"Fernandes", "Fernandes, Gaspar"
"Ferrabosco", "Ferrabosco, Alfonso"
"Fibich", "Fibich, Zdeněk"
"Field", "Field, John"
"Fieldes", "Fieldes, Ben"
"Fielding", "Fielding, Reuben"
"Filas", "Filas, Juraj"
"Finzi", "Finzi, Gerald"
"Fiorillo", "Fiorillo, Federigo"
"Fischer", "Fischer, Johann Caspar Ferdinand"
"Flesch","Flesch, Carl"
"Flotow", "Flotow, Friedrich von"
"Foerster", "Foerster, Josef Bohuslav"
"Foote", "Foote, Arthur"
"Forqueray", "Forqueray, Antoine"
"Foster", "Foster, Stephen"
"Francaix", "Françaix, Jean"
"Franchomme","Franchomme, Auguste"
"Franck", "Franck, César"
"Francoeur", "Francoeur, François"
"Frescobaldi", "Frescobaldi, Girolamo"
"Froberger", "Froberger, Johann Jakob"
"Fux", "Fux, Johann Joseph"
"Gabriel", "Gabriel, Charles H."
"GabrieliA", "Gabrieli, Andrea"
"GabrieliG", "Gabrieli, Giovanni"
"Gade", "Gade, Niels"
"Galamian","Galamian, Ivan"
"Gallay","Gallay, Jacques François"
"Galuppi", "Galuppi, Baldassare"
"Gariboldi","Gariboldi, Giuseppe"
"Gaubert","Gaubert, Philippe"
"GaultierD", "Gaultier, Denis"
"GaultierE", "Gaultier, Ennemond"
"Gavinies","Gaviniès, Pierre"
"Geminiani", "Geminiani, Francesco"
"Gerhardt", "Gerhardt, Paul"
"Gershwin", "Gershwin, George"
"Gesualdo", "Gesualdo, Carlo"
"Getty", "Getty, Keith"
"Ghedini", "Ghedini, Giorgio Federico"
"Giannini", "Giannini, Vittorio"
"Gibbons", "Gibbons, Orlando"
"Giglio", "Giglio, Louie"
"Gilles", "Gilles, Jean"
"Ginastera", "Ginastera, Alberto"
"Giordani", "Giordani, Tommaso"
"Giordano", "Giordano, Umberto"
"Giuliani", "Giuliani, Mauro"
"Glass", "Glass, Philip"
"Glazunov", "Glazunov, Alexander"
"Gliere", "Glière, Reinhold"
"Glinka", "Glinka, Mikhail"
"Gluck", "Gluck, Christoph Willibald"
"Gluck", "Gluck, Christoph Willibald"
"Godard", "Godard, Benjamin"
"Godowsky", "Godowsky, Leopold"
"Goetz", "Goetz, Hermann"
"Goldman","Goldman, Edwin Franko"
"Goldmark", "Goldmark, Karl"
"Goltermann", "Goltermann, Georg"
"Gombert", "Gombert, Nicolas"
"Gomes", "Gomes, Carlos"
"Goodwin", "Goodwin, Ron"
"Goossens", "Goossens, Eugene"
"Gossec", "Gossec, François-Joseph"
"Gottschalk", "Gottschalk, Louis Moreau"
"Gould", "Gould, Morton"
"Gounod", "Gounod, Charles"
"Grainger", "Grainger, Percy"
"Granados", "Granados, Enrique"
"Grant", "Grant, Robert"
"Graun", "Graun, Carl Heinrich"
"Gretry", "Grétry, André"
"Gretzinger", "Gretzinger, Steffany"
"Grieg", "Grieg, Edvard"
"Griffes", "Griffes, Charles Tomlinson"
"Grigny", "Grigny, Nicolas de"
"Grofe", "Grofé, Ferde"
"Grutzmacher","Grützmacher, Friedrich"
"Guami", "Guami, Gioseffo"
"Guarnieri", "Guarnieri, Camargo"
"Guerrero", "Guerrero, Francisco"
"Guilmant", "Guilmant, Alexandre"
"Gurney", "Gurney, Ivor"
"Hadjidakis", "Hadjidakis, Manos"
"Hahn", "Hahn, Reynaldo"
"Halevy", "Halévy, Fromental"
"Halvorsen", "Halvorsen, Johan"
"Handel", "Handel, George Frideric"
"Handl", "Handl, Jacob"
"Hanon","Hanon, Charles-Louis"
"Hanson", "Hanson, Howard"
"Harris", "Harris, Roy"
"Harrison", "Harrison, Lou"
"Hart", "Hart, Joseph"
"Harty", "Harty, Hamilton"
"Hasse", "Hasse, Johann Adolph"
"Hassler", "Hassler, Hans Leo"
"Havergal", "Havergal, Frances Ridley"
"Haydn", "Haydn, Joseph"
"HaydnJ", "Haydn, Joseph"
"HaydnM", "Haydn, Michael"
"Heber", "Heber, Reginald"
"Heiligenthal", "Heiligenthal, Jeremy"
"Heller","Heller, Stephen"
"Helser", "Helser, Jonathan David & Melissa"
"Henze", "Henze, Hans Werner"
"Herbert", "Herbert, Victor"
"Herold", "Hérold, Ferdinand"
"Herrmann", "Herrmann, Bernard"
"Hertel", "Hertel, Johann Wilhelm"
"Herz", "Herz, Henri"
"Hess", "Hess, Nigel"
"Hildegard", "Hildegard of Bingen"
"Hillsong", "Hillsong Worship"
"HillsongUnited", "Hillsong United"
"HillsongYoungAndFree", "Hillsong Young & Free"
"Hindemith", "Hindemith, Paul"
"Hoffmeister", "Hoffmeister, Franz Anton"
"Holborne", "Holborne, Anthony"
"Holler", "Höller, Karl"
"Holmboe", "Holmboe, Vagn"
"Holst", "Holst, Gustav"
"Holst", "Holst, Gustav"
"Honegger", "Honegger, Arthur"
"Honegger", "Honegger, Arthur"
"Hook", "Hook, James"
"Hotteterre", "Hotteterre, Jacques"
"Housefires", "Housefires"
"Houston", "Houston, Joel"
"Hovhaness", "Hovhaness, Alan"
"How", "How, William Walsham"
"Howells", "Howells, Herbert"
"Hrabe","Hrabe, Josef"
"Hubay", "Hubay, Jenő"
"Huber", "Huber, Hans"
"Hughes", "Hughes, Tim"
"Humfrey", "Humfrey, Pelham"
"Hummel", "Hummel, Johann Nepomuk"
"Humperdinck", "Humperdinck, Engelbert"
"Humperdinck", "Humperdinck, Engelbert"
"Hurlstone", "Hurlstone, William"
"Husa", "Husa, Karel"
"Ibert", "Ibert, Jacques"
"Indy", "d'Indy, Vincent"
"Infante", "Infante, Manuel"
"IppolitovIvanov", "Ippolitov-Ivanov, Mikhail"
"Ireland", "Ireland, John"
"Isaac", "Isaac, Heinrich"
"Ives", "Ives, Charles"
"Ives", "Ives, Charles"
"Jacob", "Jacob, Gordon"
"JacquetdelaGuerre", "Jacquet de la Guerre, Élisabeth"
"Jadin", "Jadin, Hyacinthe"
"Janacek", "Janáček, Leoš"
"Jancourt","Jancourt, Eugène"
"Janequin", "Janequin, Clément"
"Jansen", "Jansen, Pierre"
"JaquesDalcroze", "Jaques-Dalcroze, Émile"
"Järnefelt", "Järnefelt, Armas"
"Jenkins", "Jenkins, Karl"
"JenkinsJ", "Jenkins, John"
"JenkinsK", "Jenkins, Karl"
"Jensen", "Jensen, Adolf"
"Jessel", "Jessel, Léon"
"JesusCulture", "Jesus Culture"
"Joachim", "Joachim, Joseph"
"Jobe", "Jobe, Kari"
"JohnsonBJ", "Johnson, Brian & Jenn"
"JohnsonR", "Johnson, Robert"
"Jolivet", "Jolivet, André"
"Jommelli", "Jommelli, Niccolò"
"Jongen", "Jongen, Joseph"
"Joplin", "Joplin, Scott"
"Josquin", "Josquin des Prez"
"Kabalevsky", "Kabalevsky, Dmitry"
"Kagel", "Kagel, Mauricio"
"Kalinnikov", "Kalinnikov, Vasily"
"Kalkbrenner", "Kalkbrenner, Friedrich"
"Kalliwoda", "Kalliwoda, Johann Wenzel"
"Kalomiris", "Kalomiris, Manolis"
"Karlowicz", "Karłowicz, Mieczysław"
"Kaski", "Kaski, Heino"
"Kastalsky", "Kastalsky, Alexander"
"KatsChernin", "Kats-Chernin, Elena"
"Kauer", "Kauer, Ferdinand"
"KayserL", "Kayser, Leif"
"KayserH","Kayser, Heinrich Ernst"
"Keble", "Keble, John"
"KeiserR", "Keiser, Reinhard"
"KelkelM", "Kelkel, Manfred"
"Kellner", "Kellner, Johann Christoph"
"KellyF", "Kelly, Frederick Septimus"
"KellyT", "Kelly, Thomas"
"Kendrick", "Kendrick, Graham"
"Kerll", "Kerll, Johann Caspar"
"Ketelbey", "Ketèlbey, Albert"
"Khachaturian", "Khachaturian, Aram"
"Kiel", "Kiel, Friedrich"
"Kienzl", "Kienzl, Wilhelm"
"King", "King, Mia"
"Kirbye", "Kirbye, George"
"Kirchner", "Kirchner, Leon"
"Kirkpatrick", "Kirkpatrick, William J."
"Kirnberger", "Kirnberger, Johann Philipp"
"Kjerulf", "Kjerulf, Halfdan"
"Klami", "Klami, Uuno"
"Klenau", "Klenau, Paul von"
"Klengel", "Klengel, Julius"
"Klindworth", "Klindworth, Karl"
"Klose","Klosé, Hyacinthe"
"Klughardt", "Klughardt, August"
"Knecht", "Knecht, Justin Heinrich"
"Koczwara", "Koczwara, František"
"Kodaly", "Kodály, Zoltán"
"Koechlin", "Koechlin, Charles"
"Koessler", "Koessler, Hans"
"Koetsier", "Koetsier, Jan"
"Kohler","Köhler, Ernesto"
"Kohn", "Kohn, Karl"
"Kokkonen", "Kokkonen, Joonas"
"Komitas", "Komitas, Vardapet"
"Komzak", "Komzák, Karel II"
"Kopprasch","Kopprasch, Georg"
"Kopylov", "Kopylov, Alexander"
"Korngold", "Korngold, Erich Wolfgang"
"Kozeluch", "Kozeluch, Leopold"
"Kraus", "Kraus, Joseph Martin"
"Krebs", "Krebs, Johann Ludwig"
"Kreisler", "Kreisler, Fritz"
"Krenek", "Krenek, Ernst"
"Kreutzer","Kreutzer, Rodolphe"
"Kuhlau", "Kuhlau, Friedrich"
"Kuhnau", "Kuhnau, Johann"
"Kusser", "Kusser, Johann Sigismund"
"Kuula", "Kuula, Toivo"
"Kuyper", "Kuyper, Elisabeth"
"Lachner", "Lachner, Franz"
"Lacombe", "Lacombe, Louis"
"Lajtha", "Lajtha, László"
"Lalo", "Lalo, Édouard"
"Lalo", "Lalo, Édouard"
"Lambert", "Lambert, Constant"
"Lambert", "Lambert, Michel"
"Lambillotte", "Lambillotte, Louis"
"Landini", "Landini, Francesco"
"Lang", "Lang, Josephine"
"LangeMuller", "Lange-Müller, Peter"
"Langgaard", "Langgaard, Rued"
"Lanier", "Lanier, Nicholas"
"Lanner", "Lanner, Joseph"
"Lantins", "Lantins, Arnold de"
"Laparra", "Laparra, Raoul"
"Larsson", "Larsson, Lars-Erik"
"Lassus", "Lassus, Orlande de"
"LawesH", "Lawes, Henry"
"LawesW", "Lawes, William"
"Lazarus","Lazarus, Henry"
"LeBeau", "Le Beau, Luise Adolpha"
"Lebrun", "Lebrun, Ludwig August"
"Leclair", "Leclair, Jean-Marie"
"Leclair", "Leclair, Jean-Marie"
"Lecocq", "Lecocq, Charles"
"Lee","Lee, Sebastian"
"Leeland", "Leeland"
"Lees", "Lees, Benjamin"
"LeFleming", "Le Fleming, Christopher"
"Legrenzi", "Legrenzi, Giovanni"
"Lehar", "Lehár, Franz"
"Leighton", "Leighton, Kenneth"
"Lekeu", "Lekeu, Guillaume"
"Lekeu", "Lekeu, Guillaume"
"Lemmens", "Lemmens, Jacques-Nicolas"
"Lentz", "Lentz, Daniel"
"Leoncavallo", "Leoncavallo, Ruggero"
"Leoninus", "Léonin"
"Leroux", "Leroux, Xavier"
"Lesueur", "Lesueur, Jean-François"
"Leuto", "Leuto, Archangelo"
"Liadov", "Liadov, Anatoly"
"Liapunov", "Lyapunov, Sergei"
"Liebermann", "Liebermann, Lowell"
"Ligeti", "Ligeti, György"
"Lilburn", "Lilburn, Douglas"
"Lindblad", "Lindblad, Adolf Fredrik"
"Lindpaintner", "Lindpaintner, Peter Josef von"
"Linley", "Linley, Thomas the younger"
"Liszt", "Liszt, Franz"
"Litolff", "Litolff, Henry Charles"
"Lloyd", "Lloyd, George"
"LloydWebber", "Lloyd Webber, William"
"Locatelli", "Locatelli, Pietro"
"Locke", "Locke, Matthew"
"Loder", "Loder, Edward"
"Loeffler", "Loeffler, Charles Martin"
"Loeillet", "Loeillet, Jean-Baptiste"
"Loewe", "Loewe, Carl"
"Lortzing", "Lortzing, Albert"
"Lotti", "Lotti, Antonio"
"LouisFerdinand", "Louis Ferdinand of Prussia"
"Lowry", "Lowry, Robert"
"Lully", "Lully, Jean-Baptiste"
"Lumbye", "Lumbye, Hans Christian"
"Lundsten", "Lundsten, Ralph"
"Luther", "Luther, Martin"
"Lutoslawski", "Lutosławski, Witold"
"Lutyens", "Lutyens, Elisabeth"
"Luzzi", "Luzzi, Luigi"
"Lyapunov", "Lyapunov, Sergei"
"Lyte", "Lyte, Henry Francis"
"MacCunn", "MacCunn, Hamish"
"MacDowell", "MacDowell, Edward"
"Macfarren", "Macfarren, George Alexander"
"Machaut", "Machaut, Guillaume de"
"Mackenzie", "Mackenzie, Alexander"
"Maconchy", "Maconchy, Elizabeth"
"Madetoja", "Madetoja, Leevi"
"Maessens", "Maessens, Pieter"
"Magnard", "Magnard, Albéric"
"Maher", "Maher, Matt"
"Mahler", "Mahler, Gustav"
"Maler", "Maler, Willem de"
"Malipiero", "Malipiero, Gian Francesco"
"Malling", "Malling, Otto"
"Mancinelli", "Mancinelli, Luigi"
"Manfredini", "Manfredini, Francesco"
"Marais", "Marais, Marin"
"Marcello", "Marcello, Alessandro"
"MarcelloA", "Marcello, Alessandro"
"MarcelloB", "Marcello, Benedetto"
"Marchand", "Marchand, Louis"
"Marchesi", "Marchesi, Luigi"
"Marchetti", "Marchetti, Filippo"
"Marenzio", "Marenzio, Luca"
"Marschner", "Marschner, Heinrich"
"Martin", "Martin, Frank"
"Martini", "Martini, Giovanni Battista"
"Martinu", "Martinů, Bohuslav"
"Martucci", "Martucci, Giuseppe"
"Marx", "Marx, Joseph"
"Mascagni", "Mascagni, Pietro"
"Massenet", "Massenet, Jules"
"Mathias", "Mathias, William"
"Matteis", "Matteis, Nicola"
"Mattheson", "Mattheson, Johann"
"Matton", "Matton, Roger"
"MaximeAlphonse","Maxime-Alphonse"
"Mayer", "Mayer, Emilie"
"Mayerl", "Mayerl, Billy"
"Mayr", "Mayr, Simon"
"Mazas","Mazas, Jacques Féréol"
"McClarney", "McClarney, Pat"
"Medley", "Medley, Samuel"
"Medtner", "Medtner, Nikolai"
"Mehul", "Méhul, Étienne Nicolas"
"Melartin", "Melartin, Erkki"
"MelcerSzczawinski", "Melcer-Szczawiński, Henryk"
"Mendelssohn", "Mendelssohn, Felix"
"MendelssohnFanny", "Mendelssohn, Fanny"
"Mercadante", "Mercadante, Saverio"
"MerikantoA", "Merikanto, Aarre"
"MerikantoO", "Merikanto, Oskar"
"Merula", "Merula, Tarquinio"
"Messager", "Messager, André"
"Messiaen", "Messiaen, Olivier"
"Meyerbeer", "Meyerbeer, Giacomo"
"Miaskovsky", "Myaskovsky, Nikolai"
"Michelet", "Michelet, Michel"
"Mignone", "Mignone, Francisco"
"Milde","Milde, Ludwig"
"Milhaud", "Milhaud, Darius"
"Molique", "Molique, Bernhard"
"Molloy", "Molloy, James Lynam"
"Molter", "Molter, Johann Melchior"
"Momigny", "Momigny, Jérôme-Joseph de"
"Mompou", "Mompou, Federico"
"Moniuszko", "Moniuszko, Stanisław"
"Monn", "Monn, Matthias Georg"
"Monsell", "Monsell, John Samuel Bewley"
"Montague", "Montague, Stephen"
"Monteverdi", "Monteverdi, Claudio"
"Monti", "Monti, Vittorio"
"Morales", "Morales, Cristóbal de"
"Morgan", "Morgan, Reuben"
"Morley", "Morley, Thomas"
"Mortelmans", "Mortelmans, Lodewijk"
"MosaicMSC", "Mosaic MSC"
"Moscheles", "Moscheles, Ignaz"
"Mosonyi", "Mosonyi, Mihály"
"Moszkowski", "Moszkowski, Moritz"
"Moszkowski", "Moszkowski, Moritz"
"Mouret", "Mouret, Jean-Joseph"
"Mouton", "Mouton, Jean"
"Mozart", "Mozart, Wolfgang Amadeus"
"Mozart", "Mozart, Wolfgang Amadeus"
"MozartFX", "Mozart, Franz Xaver Wolfgang"
"MozartLeopold", "Mozart, Leopold"
"MozartLeopold", "Mozart, Leopold"
"MuffatG", "Muffat, Georg"
"MuffatT", "Muffat, Gottlieb"
"Muldowney", "Muldowney, Dominic"
"Mundy", "Mundy, William"
"Murrill", "Murrill, Herbert"
"Mussorgsky", "Mussorgsky, Modest"
"Myslivecek", "Mysliveček, Josef"
"Nancarrow", "Nancarrow, Conlon"
"Nanino", "Nanino, Giovanni Maria"
"Nardini", "Nardini, Pietro"
"Naumann", "Naumann, Johann Gottlieb"
"Navratil", "Navrátil, Karel"
"Neale", "Neale, John Mason"
"Nebra", "Nebra, José de"
"Neefe", "Neefe, Christian Gottlob"
"Neukomm", "Neukomm, Sigismund von"
"Neusidler", "Neusidler, Hans"
"Nevin", "Nevin, Ethelbert"
"Newman", "Newman, John Henry"
"Newton", "Newton, John"
"Nicolai", "Nicolai, Otto"
"Nielsen", "Nielsen, Carl"
"NielsenC", "Nielsen, Carl"
"NielsenL", "Nielsen, Ludolf"
"Nietzsche", "Nietzsche, Friedrich"
"Nin", "Nin, Joaquín"
"Nono", "Nono, Luigi"
"Norman", "Norman, Ludvig"
"Noskowski", "Noskowski, Zygmunt"
"Novacek", "Nováček, Ottokar"
"Novak", "Novák, Vítězslav"
"Nyman", "Nyman, Michael"
"Obrecht", "Obrecht, Jacob"
"Ockeghem", "Ockeghem, Johannes"
"Offenbach", "Offenbach, Jacques"
"Oginski", "Ogiński, Michał Kleofas"
"Ohzawa", "Ohzawa, Hisato"
"Oldberg", "Oldberg, Arne"
"Oliveros", "Oliveros, Pauline"
"Olivers", "Olivers, Thomas"
"Onslow", "Onslow, George"
"Orff", "Orff, Carl"
"Ornstein", "Ornstein, Leo"
"Ortiz", "Ortiz, Diego"
"Oswald", "Oswald, James"
"Ouseley", "Ouseley, Frederick"
"Pachebel", "Pachelbel, Johann"
"Pachelbel", "Pachelbel, Johann"
"Pacius", "Pacius, Fredrik"
"Paderewski", "Paderewski, Ignacy Jan"
"Paganini", "Paganini, Niccolò"
"Paine", "Paine, John Knowles"
"Paisiello", "Paisiello, Giovanni"
"Paladilhe", "Paladilhe, Émile"
"Palaschko","Palaschko, Johannes"
"Palestrina", "Palestrina, Giovanni Pierluigi da"
"Palmgren", "Palmgren, Selim"
"Panufnik", "Panufnik, Andrzej"
"Paolo", "Paolo da Firenze"
"PapineauCouture", "Papineau-Couture, Jean"
"Paradis", "Paradis, Maria Theresia von"
"Pardo", "Pardo, Paul"
"Paris", "Paris, Twila"
"Parker", "Parker, Horatio"
"Parry", "Parry, Hubert"
"Part", "Pärt, Arvo"
"Partch", "Partch, Harry"
"Pasquini", "Pasquini, Bernardo"
"Passion", "Passion Worship"
"Penderecki", "Penderecki, Krzysztof"
"Pepusch", "Pepusch, Johann Christoph"
"Pergolesi", "Pergolesi, Giovanni Battista"
"Peri", "Peri, Jacopo"
"Perosillo", "Perosillo, Gianluca"
"Perotin", "Pérotin"
"Perronet", "Perronet, Edward"
"Persichetti", "Persichetti, Vincent"
"Pescetti", "Pescetti, Giovanni Battista"
"PetersonBerger", "Peterson-Berger, Wilhelm"
"Petrassi", "Petrassi, Goffredo"
"Pettersson", "Pettersson, Allan"
"Pfitzner", "Pfitzner, Hans"
"Philidor", "Philidor, François-André Danican"
"Philipp", "Philipp, Isidor"
"Philips", "Philips, Peter"
"Piatti","Piatti, Alfredo"
"Piazzolla", "Piazzolla, Astor"
"Piccinini", "Piccinini, Alessandro"
"Piccinni", "Piccinni, Niccolò"
"Pierne", "Pierné, Gabriel"
"Pijper", "Pijper, Willem"
"Pilkington", "Pilkington, Francis"
"Pinto", "Pinto, George"
"Pisendel", "Pisendel, Johann Georg"
"Piston", "Piston, Walter"
"Pixis", "Pixis, Johann Peter"
"Pizzetti", "Pizzetti, Ildebrando"
"Planquette", "Planquette, Robert"
"Platti", "Platti, Giovanni Benedetto"
"Pleyel", "Pleyel, Ignace"
"Ponce", "Ponce, Manuel"
"Ponchielli", "Ponchielli, Amilcare"
"Popper", "Popper, David"
"Porpora", "Porpora, Nicola"
"Porter", "Porter, Cole"
"Poulenc", "Poulenc, Francis"
"Pousseur", "Pousseur, Henri"
"Powell", "Powell, John"
"Praetorius", "Praetorius, Michael"
"Pratten", "Pratten, Catharina Josepha"
"Previn", "Previn, André"
"Prokofiev", "Prokofiev, Sergei"
"Provenzale", "Provenzale, Francesco"
"Puccini", "Puccini, Giacomo"
"Pugnani", "Pugnani, Gaetano"
"Purcell", "Purcell, Henry"
"Quantz", "Quantz, Johann Joachim"
"Quilter", "Quilter, Roger"
"Rachmaninoff", "Rachmaninoff, Sergei"
"Raff", "Raff, Joachim"
"Rameau", "Rameau, Jean-Philippe"
"Rangstrom", "Rangström, Ture"
"Rautavaara", "Rautavaara, Einojuhani"
"Ravel", "Ravel, Maurice"
"Rawsthorne", "Rawsthorne, Alan"
"Read", "Read, Daniel"
"Rebel", "Rebel, Jean-Féry"
"Rebikov", "Rebikov, Vladimir"
"Redman", "Redman, Matt"
"Reger", "Reger, Max"
"Reicha", "Reicha, Anton"
"Reichardt", "Reichardt, Johann Friedrich"
"Reiche", "Reiche, Gottfried"
"Reinecke", "Reinecke, Carl"
"Reinken", "Reinken, Jan Adams"
"Reissiger", "Reissiger, Carl Gottlieb"
"RendCollective", "Rend Collective"
"Respighi", "Respighi, Ottorino"
"Revueltas", "Revueltas, Silvestre"
"Reyer", "Reyer, Ernest"
"Reznicek", "Rezniček, Emil von"
"Rheinberger", "Rheinberger, Josef"
"Ricci", "Ricci, Federico"
"Richter", "Richter, Franz Xaver"
"Riddle", "Riddle, Jeremy"
"Ries", "Ries, Ferdinand"
"Rihm", "Rihm, Wolfgang"
"Riley", "Riley, Terry"
"RimskyKorsakov", "Rimsky-Korsakov, Nikolai"
"Rinck", "Rinck, Christian Heinrich"
"Ritter", "Ritter, Alexander"
"Robinson", "Robinson, Robert"
"Rochberg", "Rochberg, George"
"Rochut","Rochut, Joannès"
"Rode","Rode, Pierre"
"Rodrigo", "Rodrigo, Joaquín"
"RogerDucasse", "Roger-Ducasse, Jean"
"Rogers", "Rogers, Bernard"
"Rolla", "Rolla, Alessandro"
"Roman", "Roman, Johan Helmich"
"RombergA", "Romberg, Andreas"
"RombergB", "Romberg, Bernhard"
"Ropartz", "Ropartz, Guy"
"Rore", "Rore, Cipriano de"
"Rose","Rose, Cyrille"
"Rosetti", "Rosetti, Antonio"
"Rosier", "Rosier, Carl"
"Rosner", "Rosner, Arnold"
"Rossi", "Rossi, Luigi"
"Rossini", "Rossini, Gioachino"
"RossiS", "Rossi, Salomone"
"Rota", "Rota, Nino"
"Rouse", "Rouse, Christopher"
"Rousseau", "Rousseau, Jean-Jacques"
"Roussel", "Roussel, Albert"
"Rozsa", "Rózsa, Miklós"
"Rubbra", "Rubbra, Edmund"
"Rubinstein", "Rubinstein, Anton"
"RubinsteinA", "Rubinstein, Anton"
"RubinsteinN", "Rubinstein, Nikolai"
"Rudolph", "Rudolph, Archduke of Austria"
"Ruehr", "Ruehr, Elena"
"Ruggles", "Ruggles, Carl"
"Rutter", "Rutter, John"
"Ryba", "Ryba, Jakub Jan"
"Saariaho", "Saariaho, Kaija"
"Sacchini", "Sacchini, Antonio"
"Sagreras", "Sagreras, Julio Salvador"
"SaintGeorges", "Saint-Georges, Chevalier de"
"SaintSaens", "Saint-Saëns, Camille"
"SaintSaens", "Saint-Saëns, Camille"
"Salieri", "Salieri, Antonio"
"Sallinen", "Sallinen, Aulis"
"Sammartini", "Sammartini, Giovanni Battista"
"Sampson", "Sampson, Marty"
"Sancan", "Sancan, Pierre"
"Sandstrom", "Sandström, Jan"
"Sankey", "Sankey, Ira D."
"Sarasate", "Sarasate, Pablo de"
"Satie", "Satie, Erik"
"Satie", "Satie, Erik"
"Sauguet", "Sauguet, Henri"
"Sauret", "Sauret, Émile"
"Say", "Say, Fazıl"
"ScarlattiA", "Scarlatti, Alessandro"
"ScarlattiD", "Scarlatti, Domenico"
"Scelsi", "Scelsi, Giacinto"
"Scharwenka", "Scharwenka, Xaver"
"ScharwenkaP", "Scharwenka, Philipp"
"ScharwenkaX", "Scharwenka, Xaver"
"Scheidemann", "Scheidemann, Heinrich"
"Scheidt", "Scheidt, Samuel"
"Schein", "Schein, Johann Hermann"
"Schenk", "Schenk, Johann Baptist"
"Schickele", "Schickele, Peter"
"Schillings", "Schillings, Max von"
"Schlossberg","Schlossberg, Max"
"Schmelzer", "Schmelzer, Johann Heinrich"
"Schmitt", "Schmitt, Florent"
"Schnittke", "Schnittke, Alfred"
"Schobert", "Schobert, Johann"
"Schoenberg", "Schoenberg, Arnold"
"Schradieck","Schradieck, Henry"
"Schreker", "Schreker, Franz"
"Schubert", "Schubert, Franz"
"Schubert", "Schubert, Franz"
"Schulhoff", "Schulhoff, Ervín"
"Schuman", "Schuman, William"
"Schumann", "Schumann, Robert"
"SchumannClara", "Schumann, Clara"
"Schutz", "Schütz, Heinrich"
"Schwantner", "Schwantner, Joseph"
"Schwartz", "Schwartz, Stephen"
"Scriabin","Scriabin, Alexander"
"Sculthorpe", "Sculthorpe, Peter"
"Searle", "Searle, Humphrey"
"Sechter", "Sechter, Simon"
"Segerstam", "Segerstam, Leif"
"Seixas", "Seixas, Carlos de"
"Sermisy", "Sermisy, Claudin de"
"Servais", "Servais, Adrien-François"
"Sessions", "Sessions, Roger"
"Sevcik","Ševčík, Otakar"
"Sgambati", "Sgambati, Giovanni"
"Shapero", "Shapero, Harold"
"Shapey", "Shapey, Ralph"
"Sharp", "Sharp, Elliott"
"Shchedrin", "Shchedrin, Rodion"
"Shebalin", "Shebalin, Vissarion"
"Sheppard", "Sheppard, John"
"Shore", "Shore, Howard"
"Shostakovich", "Shostakovich, Dmitri"
"Sibelius", "Sibelius, Jean"
"Sierra", "Sierra, Roberto"
"Simandl","Simandl, Franz"
"Sinding", "Sinding, Christian"
"Smetana", "Smetana, Bedřich"
"Smith", "Smith, Michael W."
"Smyth", "Smyth, Ethel"
"Soler", "Soler, Antonio"
"Sondheim", "Sondheim, Stephen"
"Sor", "Sor, Fernando"
"Sorabji", "Sorabji, Kaikhosru Shapurji"
"Sousa", "Sousa, John Philip"
"Spafford", "Spafford, Horatio"
"Spohr", "Spohr, Louis"
"Spontini", "Spontini, Gaspare"
"Stainer", "Stainer, John"
"Stamitz", "Stamitz, Carl"
"StamitzC", "Stamitz, Carl"
"StamitzJ", "Stamitz, Johann"
"Stanfill", "Stanfill, Kristian"
"Stanford", "Stanford, Charles Villiers"
"Stanley", "Stanley, John"
"Stark","Stark, Robert"
"Stebbins", "Stebbins, George C."
"Stenhammar", "Stenhammar, Wilhelm"
"Stennett", "Stennett, Samuel"
"Stephan", "Stephan, Rudi"
"Stevens", "Stevens, Bernard"
"Still", "Still, William Grant"
"Stockhausen", "Stockhausen, Karlheinz"
"Stojowski", "Stojowski, Zygmunt"
"Stone", "Stone, Samuel J."
"Storch","Storch, Josef"
"Stradella", "Stradella, Alessandro"
"Straus", "Straus, Oscar"
"Strauss", "Strauss, Johann II"
"StraussJohannI", "Strauss, Johann I"
"StraussJohannII", "Strauss, Johann II"
"StraussJ", "Strauss, Johann II"
"StraussJosef", "Strauss, Josef"
"StraussR", "Strauss, Richard"
"StraussRichard", "Strauss, Richard"
"Stravinsky", "Stravinsky, Igor"
"Strozzi", "Strozzi, Barbara"
"Strungk", "Strungk, Nicolaus Adam"
"Suk", "Suk, Josef"
"Sullivan", "Sullivan, Arthur"
"Suppe", "Suppé, Franz von"
"Suppe", "Suppé, Franz von"
"Sussmayr", "Süssmayr, Franz Xaver"
"Svendsen", "Svendsen, Johan"
"Sweelinck", "Sweelinck, Jan Pieterszoon"
"Szymanowski", "Szymanowski, Karol"
"Taffanel","Taffanel, Paul"
"Tailleferre", "Tailleferre, Germaine"
"Takacs", "Takács, Jenő"
"Takemitsu", "Takemitsu, Toru"
"Tallis", "Tallis, Thomas"
"Tallis", "Tallis, Thomas"
"Taneyev", "Taneyev, Sergei"
"Tansman", "Tansman, Alexandre"
"Tárrega", "Tárrega, Francisco"
"Tartini", "Tartini, Giuseppe"
"Tavener", "Tavener, John"
"Taverner", "Taverner, John"
"Taylor", "Taylor, Deems"
"Tchaikovsky", "Tchaikovsky, Pyotr Ilyich"
"Tchesnokov", "Chesnokov, Pavel"
"Telemann", "Telemann, Georg Philipp"
"Thalberg", "Thalberg, Sigismond"
"Thalberg", "Thalberg, Sigismond"
"Theodorakis", "Theodorakis, Mikis"
"Thibaut", "Thibaut IV of Navarre"
"Thomas", "Thomas, Ambroise"
"Thomson", "Thomson, Virgil"
"Thring", "Thring, Godfrey"
"Thuille", "Thuille, Ludwig"
"Tippett", "Tippett, Michael"
"Tishchenko", "Tishchenko, Boris"
"Toch", "Toch, Ernst"
"Tomasek", "Tomášek, Václav Jan"
"Tomasi", "Tomasi, Henri"
"Tomkins", "Tomkins, Thomas"
"Tomlin", "Tomlin, Chris"
"Toplady", "Toplady, Augustus"
"Torelli", "Torelli, Giuseppe"
"Torres", "Torres, José de"
"Torwalt", "Torwalt, Bryan & Katie"
"Tosti", "Tosti, Paolo"
"Tournemire", "Tournemire, Charles"
"Tower", "Tower, Joan"
"Townend", "Townend, Stuart"
"Towner", "Towner, Daniel B."
"Traetta", "Traetta, Tommaso"
"Tubin", "Tubin, Eduard"
"Tunder", "Tunder, Franz"
"Turina", "Turina, Joaquín"
"Turina", "Turina, Joaquín"
"Tye", "Tye, Christopher"
"Uccellini", "Uccellini, Marco"
"Uhl","Uhl, Alfred"
"Ullmann", "Ullmann, Viktor"
"UnitedPursuit", "United Pursuit"
"Ustvolskaya", "Ustvolskaya, Galina"
"Vaet", "Vaet, Jacobus"
"Valente", "Valente, Antonio"
"Valerius", "Valerius, Adriaen"
"Valls", "Valls, Francisco"
"Vanhal", "Vanhal, Johann Baptist"
"Varese", "Varèse, Edgard"
"VaughanWilliams", "Vaughan Williams, Ralph"
"Vecchi", "Vecchi, Orazio"
"Veracini", "Veracini, Francesco Maria"
"Verdelot", "Verdelot, Philippe"
"Verdi", "Verdi, Giuseppe"
"VerticalWorship", "Vertical Worship"
"Victoria", "Victoria, Tomás Luis de"
"Vierne", "Vierne, Louis"
"Vieuxtemps", "Vieuxtemps, Henri"
"VillaLobos", "Villa-Lobos, Heitor"
"Vinci", "Vinci, Leonardo"
"Viola", "Viola, Alfonso della"
"Viotti", "Viotti, Giovanni Battista"
"Vitali", "Vitali, Tomaso Antonio"
"Vitry", "Vitry, Philippe de"
"Vivaldi", "Vivaldi, Antonio"
"Vives", "Vives, Amadeo"
"Viviani", "Viviani, Giovanni Buonaventura"
"Vogler", "Vogler, Georg Joseph"
"Volkmann", "Volkmann, Robert"
"Vorisek", "Voříšek, Jan Václav"
"Wagenaar", "Wagenaar, Johan"
"Wagner", "Wagner, Richard"
"WagnerR", "Wagner, Richard"
"WagnerS", "Wagner, Siegfried"
"Walacinski", "Walaciński, Adam"
"Waldteufel", "Waldteufel, Émile"
"Walker", "Walker, George"
"Wallace", "Wallace, William Vincent"
"Walter", "Walter, Johann"
"Walther", "Walther, Johann Gottfried"
"Walton", "Walton, William"
"Warlock", "Warlock, Peter"
"Warren", "Warren, Elinor Remick"
"Watts", "Watts, Isaac"
"Weber", "Weber, Carl Maria von"
"Webern", "Webern, Anton"
"Weckmann", "Weckmann, Matthias"
"Weelkes", "Weelkes, Thomas"
"Weigl", "Weigl, Joseph"
"Weinberg", "Weinberg, Mieczysław"
"Weiner", "Weiner, Leó"
"Weir", "Weir, Judith"
"Weiss", "Weiss, Sylvius Leopold"
"Weissenborn","Weissenborn, Julius"
"Weldon", "Weldon, John"
"Wellesz", "Wellesz, Egon"
"Wesley", "Wesley, Charles"
"WesleyS", "Wesley, Samuel"
"WesleySS", "Wesley, Samuel Sebastian"
"White", "White, Robert"
"Wickham", "Wickham, Phil"
"Widor", "Widor, Charles-Marie"
"Wieniawski", "Wieniawski, Henryk"
"WieniawskiH", "Wieniawski, Henryk"
"WieniawskiJ", "Wieniawski, Józef"
"Wilbye", "Wilbye, John"
"Willaert", "Willaert, Adrian"
"Williams", "Williams, John"
"WilliamsJ", "Williams, John"
"WilliamsW", "Williams, William"
"Wilson", "Wilson, John"
"Wirén", "Wirén, Dag"
"Wissmer", "Wissmer, Pierre"
"Wolf", "Wolf, Hugo"
"WolfFerrari", "Wolf-Ferrari, Ermanno"
"Wolkenstein", "Wolkenstein, Oswald von"
"Wood", "Wood, Charles"
"WoodH", "Wood, Henry"
"Xenakis", "Xenakis, Iannis"
"Yradier", "Yradier, Sebastián"
"Yradier", "Yradier, Sebastián"
"Ysaye", "Ysaÿe, Eugène"
"Ysaye", "Ysaÿe, Eugène"
"Yun", "Yun, Isang"
"Zandonai", "Zandonai, Riccardo"
"Zani", "Zani, Andrea"
"Zappa", "Zappa, Frank"
"Zarebski", "Zarębski, Juliusz"
"Zelenka", "Zelenka, Jan Dismas"
"Zeller", "Zeller, Carl"
"Zemlinsky", "Zemlinsky, Alexander von"
"Ziehrer", "Ziehrer, Carl Michael"
"Zimmermann", "Zimmermann, Bernd Alois"
"Zingarelli", "Zingarelli, Niccolò Antonio"
"Zinzendorf", "Zinzendorf, Nikolaus von"
"Zipoli", "Zipoli, Domenico"
"Zschech", "Zschech, Darlene"
"Zwilich", "Zwilich, Ellen Taaffe"
